Station Name,Postcode,Estimated Suburb/Area,Latitude,Longitude
7-Eleven Balcatta,6021,Balcatta / Stirling,-31.8845,115.7985
7-Eleven Banksia Grove,6031,Banksia Grove / Neerabup,-31.705,115.794
7-Eleven Butler,6036,Butler / Jindalee,-31.6485,115.7195
7-Eleven Joondalup,6027,Joondalup / Beldon / Edgewater / Mullaloo / Ocean Reef,-31.744,115.7615
7-Eleven Stirling,6021,Balcatta / Stirling,-31.8665,115.821
Ampol Foodary Butler,6036,Butler / Jindalee,-31.635,115.697
Ampol Foodary Carine,6020,Carine / Sorrento,-31.8355,115.7705
Ampol Foodary Clarkson,6030,Clarkson / Merriwa / Mindarie / Quinns Rocks,-31.7015,115.7135
Ampol Foodary Doubleview,6018,Karrinyup / Doubleview / Gwelup,-31.893,115.781
Ampol Foodary East Perth,6000,Perth / East Perth,-31.955,115.874
Ampol Foodary Glendalough,6016,Glendalough,-31.921,115.8165
Ampol Foodary Joondalup,6027,Joondalup / Beldon / Edgewater / Mullaloo / Ocean Reef,-31.7395,115.775
Ampol Foodary Karrinyup,6018,Karrinyup / Doubleview / Gwelup,-31.875,115.772
Ampol Foodary Kingsley,6026,Kingsley / Woodvale,-31.7885,115.8075
Ampol Foodary Leederville,6007,Leederville,-31.9505,115.8245
Ampol Foodary Mosman Park,6012,Mosman Park,-32.017,115.76
Ampol Foodary Nedlands,6009,Nedlands,-31.9875,115.8185
Ampol Foodary North Wanneroo,6032,North Wanneroo,-31.722,115.8005
Ampol Foodary Northlands,6021,Balcatta / Stirling,-31.8665,115.821
Ampol Foodary Scarborough,6019,Scarborough,-31.885,115.748
Ampol Foodary Subiaco,6008,Subiaco,-31.9345,115.8285
Ampol Foodary Yanchep,6035,Yanchep,-31.5635,115.6195
BP 2go Woodvale,6026,Kingsley / Woodvale,-31.811,115.803
BP Balcatta,6021,Balcatta / Stirling,-31.8755,115.8255
BP Beldon,6027,Joondalup / Beldon / Edgewater / Mullaloo / Ocean Reef,-31.744,115.7615
BP Clarkson,6030,Clarkson / Merriwa / Mindarie / Quinns Rocks,-31.6835,115.736
BP Connect Beaumauris,6027,Joondalup / Beldon / Edgewater / Mullaloo / Ocean Reef,-31.735,115.757
BP Connect Currambine,6028,Currambine,-31.7195,115.7455
BP Connect East Perth,6004,East Perth,-31.9665,115.8585
BP Connect Main Street,6017,Osborne Park,-31.914,115.811
BP Connect Merriwa,6030,Clarkson / Merriwa / Mindarie / Quinns Rocks,-31.6925,115.7405
BP Connect North Perth,6006,North Perth / Mount Lawley,-31.93,115.8455
BP Connect Padbury,6025,Padbury / Whitfords,-31.8105,115.792
BP Connect Wembley,6014,Wembley / Floreat / Jolimont,-31.929,115.788
BP Connect West Coast,6019,Scarborough,-31.8805,115.7615
BP Edgewater,6027,Joondalup / Beldon / Edgewater / Mullaloo / Ocean Reef,-31.7575,115.7525
BP Greenwood,6024,Greenwood / Warwick,-31.84,115.812
BP Greenwood North,6024,Greenwood / Warwick,-31.8355,115.8255
BP Highgate,6000,Perth / East Perth,-31.9505,115.856
BP Jindalee,6036,Butler / Jindalee,-31.6395,115.715
BP Mindarie,6030,Clarkson / Merriwa / Mindarie / Quinns Rocks,-31.679,115.718
BP Mullaloo,6027,Joondalup / Beldon / Edgewater / Mullaloo / Ocean Reef,-31.7305,115.7705
BP Nookenburra,6018,Karrinyup / Doubleview / Gwelup,-31.8975,115.7675
BP Rosegarden,6009,Nedlands,-31.992,115.805
BP Sorrento,6020,Carine / Sorrento,-31.8535,115.7795
Better Choice Edgewater,6027,Joondalup / Beldon / Edgewater / Mullaloo / Ocean Reef,-31.744,115.7615
Caltex Woolworths Alkimos,6038,Alkimos,-31.6065,115.697
Caltex Woolworths Currambine Marketplace,6028,Currambine,-31.724,115.732
Caltex Woolworths Floreat,6014,Wembley / Floreat / Jolimont,-31.9245,115.8015
Caltex Woolworths Greenwood,6024,Greenwood / Warwick,-31.8445,115.7985
Caltex Woolworths Joondalup Winton Road,6027,Joondalup / Beldon / Edgewater / Mullaloo / Ocean Reef,-31.753,115.766
Caltex Woolworths Osborne Park,6017,Osborne Park,-31.9095,115.8245
Caltex Woolworths Whitfords,6025,Padbury / Whitfords,-31.815,115.7785
EG Ampol Banksia Grove,6031,Banksia Grove / Neerabup,-31.6915,115.803
EG Ampol Floreat,6014,Wembley / Floreat / Jolimont,-31.929,115.788
EG Ampol Osborne Park,6017,Osborne Park,-31.8915,115.8155
Liberty Banksia Grove,6031,Banksia Grove / Neerabup,-31.7095,115.7805
Puma Balcatta,6021,Balcatta / Stirling,-31.88,115.812
Puma Gwelup,6018,Karrinyup / Doubleview / Gwelup,-31.8885,115.7945
Puma Joondalup,6027,Joondalup / Beldon / Edgewater / Mullaloo / Ocean Reef,-31.744,115.7615
Puma Merriwa,6030,Clarkson / Merriwa / Mindarie / Quinns Rocks,-31.6835,115.736
Puma Mindarie,6030,Clarkson / Merriwa / Mindarie / Quinns Rocks,-31.679,115.718
Puma Neerabup,6031,Banksia Grove / Neerabup,-31.6825,115.7985
Puma North Perth,6005,West Perth,-31.9605,115.8295
Puma Osborne Park,6017,Osborne Park,-31.914,115.811
Puma Yanchep,6035,Yanchep,-31.5545,115.6465
Shell Alkimos,6038,Alkimos,-31.611,115.6835
Shell Coles Express Banksia Grove,6031,Banksia Grove / Neerabup,-31.6915,115.803
Shell Coles Express Butler,6036,Butler / Jindalee,-31.635,115.697
Shell Coles Express Claremont,6010,Claremont / Swanbourne / Jolimont,-31.9645,115.7875
Shell Coles Express Clarkson,6030,Clarkson / Merriwa / Mindarie / Quinns Rocks,-31.7015,115.7135
Shell Coles Express Duncraig,6023,Duncraig,-31.842,115.777
Shell Coles Express Edgewater,6027,Joondalup / Beldon / Edgewater / Mullaloo / Ocean Reef,-31.7485,115.7795
Shell Coles Express Jolimont,6014,Wembley / Floreat / Jolimont,-31.938,115.7925
Shell Coles Express Kingsley,6026,Kingsley / Woodvale,-31.7975,115.812
Shell Coles Express Mosman Park,6012,Mosman Park,-31.999,115.751
Shell Coles Express Mount Lawley,6006,North Perth / Mount Lawley,-31.9165,115.8545
Shell Coles Express Ocean Reef,6027,Joondalup / Beldon / Edgewater / Mullaloo / Ocean Reef,-31.7575,115.7525
Shell Coles Express Osborne Park,6017,Osborne Park,-31.914,115.811
Shell Coles Express Perth,6000,Perth / East Perth,-31.955,115.874
Shell Coles Express Scarborough,6019,Scarborough,-31.894,115.7525
Shell Coles Express Warwick (WA),6024,Greenwood / Warwick,-31.8265,115.821
Shell Coles Express Wembley,6014,Wembley / Floreat / Jolimont,-31.929,115.788
Shell Coles Express West Perth,6005,West Perth,-31.9335,115.8475
United Hepburn Heights,6025,Padbury / Whitfords,-31.8285,115.7695
United Neerabup Truck Stop,6031,Banksia Grove / Neerabup,-31.705,115.794
United Northbridge,6003,Northbridge,-31.9489,115.8696
United Osborne Park,6017,Osborne Park,-31.905,115.8065
United Quinns Rocks,6030,Clarkson / Merriwa / Mindarie / Quinns Rocks,-31.6835,115.736
United Swanbourne,6010,Claremont / Swanbourne / Jolimont,-31.969,115.774
Vibe Charles St,6006,North Perth / Mount Lawley,-31.9165,115.8545
Vibe Osborne Park,6017,Osborne Park,-31.9185,115.7975
Vibe Subiaco,6008,Subiaco,-31.957,115.824
X Convenience Alkimos,6038,Alkimos,-31.6155,115.7015
